likes,reposts,body,url
5,1,,https://sun9-79.userapi.com/s/v1/if2/3U8uHkYvlMMmfvihWsLi4-kAcqITJi5lcKab8jr1tjTZ_Raq2E_tEpJu7gBgaKvDMxjBiD0hZwK46fqoeHn136nI.jpg?size=510x765&quality=95&type=album
9,0,,https://sun9-56.userapi.com/s/v1/if2/AJZyAF8TMj54RbOfeRDsifMEnjxEYsHKU4lPlqN03_bM6gx0mdpOqIQl-UzUxLH7E0pUZUuEwuLVK_CPmXQwxU3Z.jpg?size=510x765&quality=95&type=album
8,0,,https://sun9-44.userapi.com/s/v1/if2/lG61fgK1mSfsIX39HnRZQqGWyaHO80l5k3hIn7IjdUdVCMqjN0U_jxETHUERMZdH_L14Q_RAFJRGxF8keyax01gs.jpg?size=510x765&quality=95&type=album
5,0,,https://sun9-12.userapi.com/s/v1/if2/abjeDdLsGi5ATtEclbjQIBw1q_QVm42GKs1_ZiJG8-efwdgjy85aJl2XmahneRN1IHcZRUZCvaeyrpLVuMACG5cp.jpg?size=510x765&quality=95&type=album
2,0,,https://sun9-12.userapi.com/s/v1/if2/abjeDdLsGi5ATtEclbjQIBw1q_QVm42GKs1_ZiJG8-efwdgjy85aJl2XmahneRN1IHcZRUZCvaeyrpLVuMACG5cp.jpg?size=510x765&quality=95&type=album
7,1,,https://sun9-30.userapi.com/s/v1/if2/stmko-BAyLXaoclqtVrk1tL4INtcE4tXn9fBxiLdSDPWklbARRm1UQL-jF9Jz8PeLhpjQSiKtRRgXT5D7jAZiX2M.jpg?size=510x680&quality=95&type=album
8,0,,https://sun9-37.userapi.com/s/v1/if2/HqX0Qggny6prHDOFKt4PUzq-jmSLQJ1dUprW8LGAhWAntp2z8zITxelJ9Ghq_ZrbEMHx60Z8tU-6h0eidPftG3Nt.jpg?size=510x765&quality=95&type=album
2,0,,https://sun9-30.userapi.com/s/v1/if2/IBJAGscrKIZGeo7eqEEJ5OkkpkyAaJdAdAl68_0GPYa1Uy6a2seXSYzDfa4n-MgSgYFq6ESKQ0swirq1gZRHAWl9.jpg?size=510x765&quality=95&type=album
7,0,,https://sun9-64.userapi.com/s/v1/if2/YQ3BIo4gguFOs644Fj14Su2esQbMVhUFv-2w9ygmq71cOetuNpl6_0uSvyBw6RVf3eW9MXaqtRoNwPv5DnpecebV.jpg?size=510x765&quality=95&type=album
8,0,,https://sun9-81.userapi.com/s/v1/if2/y64C8ioiMLqUAKRXRqJdL6Z35cdCVXa2uI_7I8K-7VuQTGZr4pzlq25UoakoU2L8WUTaQ6bUp_DhP6lztTHHpz5M.jpg?size=510x765&quality=95&type=album
3,0,,https://sun9-65.userapi.com/s/v1/if2/Pk_bGGtcY7DxItc-eyDKPAGs1ncZ6ifCA1JBvoht7mrzl9GeEP18WYpgA6ebB6FdUCJn5IzsSUctMn1KF7IYpHsr.jpg?size=510x765&quality=95&type=album
3,0,,https://sun9-65.userapi.com/s/v1/if2/Pk_bGGtcY7DxItc-eyDKPAGs1ncZ6ifCA1JBvoht7mrzl9GeEP18WYpgA6ebB6FdUCJn5IzsSUctMn1KF7IYpHsr.jpg?size=510x765&quality=95&type=album
12,1,,https://sun9-4.userapi.com/s/v1/if2/aA5k6rSn91ew9lEqIEH4ZBapdxF0TDY08dP9OsACU5POVwrbGx5Lo1W7lDwWr-YTHDoYL1X2ADTWwjIgDHAvaeMe.jpg?size=510x765&quality=95&type=album
13,0,,https://sun9-62.userapi.com/s/v1/if2/cX5R8y7zbdGn7J7jXCkN_H-IFRQGbib_fohpl-255UsnkG5IKUmzZ6AmJTf4dZHX58AvqafX0DgtpzdT8doCiahK.jpg?size=510x765&quality=95&type=album
9,0,,https://sun9-38.userapi.com/s/v1/if2/M3yyWMDI45d_bgBVqM9KUiM4E3DbcoF_YyC3Y4yBUEkTSdjnMG0Qds71elcLHVVAYaHkQAa9CGLnsU6eeKTZ4UJS.jpg?size=510x765&quality=95&type=album
10,0,,https://sun9-17.userapi.com/s/v1/if2/LU8_T1Uy8fX5kYT1tGPY-yS-SNUSv3kq_n32Er7Nyr4Q-ocG7MfGI0F8GtpPjwuG4LZlF2IBTuSETpX4bfWe86jf.jpg?size=510x765&quality=95&type=album
4,0,,https://sun9-88.userapi.com/s/v1/if2/_2j3n0vSPPPEVmr-Nq6M8uKR1LKygMPID7J5tlVvuppq31dACD56r8b1cGdJwpNe7ABeEKbErOAXkeVR3NCeq0OQ.jpg?size=510x765&quality=95&type=album
4,0,,https://sun9-85.userapi.com/s/v1/if2/JTjDyng9YOCfRvmiWlWQLTffRGi4c_bczlxH-ewjVhEUg4HWeWiORCt3SC3qE143e0AZzj7bYp4BmLLOFPbywYaz.jpg?size=510x765&quality=95&type=album
10,0,,https://sun9-3.userapi.com/s/v1/if2/6NbWaQ_L8YZ2Ek3KNxLM_gnx3BSjlgh5N2H7SAPAk8Lmu1OwwKkMthqTcqPKl1tMWaVPEi9mYa4wGXYCcutE4m7V.jpg?size=510x765&quality=95&type=album
6,0,,https://sun9-32.userapi.com/s/v1/if2/_AGA9mLrro2osJMArJ5P_LUbErzoC-vATNnzte43-8QwBUEiH0xPplzOU45XLSvPP3jhYdCGFmIZoSS0glbYmTKS.jpg?size=510x765&quality=95&type=album
8,0,,https://sun9-22.userapi.com/s/v1/if2/x1au98EFyxD4r3tgSCtkKLxi_XUG4SS_lUIWl0diGZQ08P9A7PNVEUo947eW7RzBKWK7OrwrSzu4G9tRELe2sgUw.jpg?size=510x765&quality=95&type=album
14,0,,https://sun9-12.userapi.com/s/v1/if2/zYzuFXP148YvjYaFya8NUKTAs1s_fx-5lcSAP05p-RmZpOi4nwbqHJ44QGqognf0SwNXVHWrToYETC5zWYe4pmBj.jpg?size=510x765&quality=95&type=album
13,0,,https://sun9-58.userapi.com/s/v1/if2/6S8vsR2SLJdxkZ8obThWA3ODyeP9KKyml_m3Ch3MxzoVfrmwmMJ-fueOJHKnKwVjQUqPHetzIB4ltN00ujAXs6Dl.jpg?size=510x765&quality=95&type=album
16,2,,https://sun9-75.userapi.com/s/v1/if2/tiAWLbeVU8nIBmsruIwNyCYk4J0KZ1adsx4XA5iC0YvNWKHhAjF05AdSTTLavVs85GSiCTjUxi3rLd3ai7YVrGqc.jpg?size=510x765&quality=95&type=album
11,0,Super FRESH,"https://sun9-64.userapi.com/s/v1/if2/RjtIZ0-QMvnxc1nv_buXBReR4aXKRm1bWEmeqXaPDzFMzeBiLQ7GlRYBYNb0l1AhcXxIJykHIMVmb7QZ4L-_dWV1.jpg?size=510x900&quality=95&crop=0,0,900,1588&type=album"
13,1,,https://sun9-57.userapi.com/s/v1/if2/wG5QchIiH7Xvu3RUDGuspqXKqRlwzgB5cMXcKF3w9Snt3h3lYTrqFkCdcsKzQSnPHGIcJkY4yIjL-dqZ8d3Sxhhq.jpg?size=510x680&quality=95&type=album
5,0,,https://sun9-74.userapi.com/s/v1/if2/vwcG29peIwePpq2CHdmuv28gEDJ9U3PZSW9IPcQ7pOKqV4_V8kxseWs3R3x7RxsFFYgxLhJYfjys42jl2txWhL-K.jpg?size=510x765&quality=95&type=album
4,0,,https://sun9-76.userapi.com/s/v1/if2/EdxUnq-ZnbtPbtUTzJm7Lb01Zh0EhcSVcl0FBfx_1d83wXQpvJFkqdFXJrD5QJZxyEV3q9r7VIwFHNPSDuObAyL2.jpg?size=510x765&quality=95&type=album
11,1,,https://sun9-75.userapi.com/s/v1/if2/O_vNu2iyKyJ-N2AB87vP57iLnvytAgh4B02C2-Z-z0vXubBPShiR-r6CgQy3JVnd1IEJJLUElPY1opLZsHocHMZl.jpg?size=510x765&quality=95&type=album
10,0,,https://sun9-74.userapi.com/s/v1/if2/G0njwt7EuD8dYvZDhhjiyRT5ftdTGDc4X38IUtvYrrZOqnSP_mug_58dx02JqOskpT_1KynRncwieBgIqAUyzjXK.jpg?size=510x765&quality=95&type=album
10,0,,https://sun9-6.userapi.com/s/v1/if2/IeJtp4wj51yukRbd4ibk_tyeTCCxnXI5Vg6wwcm7cD7rEf3K4FM9i-CWvh3UZFh3IuspRDy8qrhM8rU5d-EGCVbl.jpg?size=510x765&quality=95&type=album
11,0,,https://sun9-23.userapi.com/s/v1/if2/paV_qWMQc2qpYFr37IUJM_dg1W2qjNXvFJDgUKj220zASCgxOoXVA8XT4dmlh-BbLa6UfGE3PlaVcagR9TfxFJ00.jpg?size=510x680&quality=95&type=album
13,1,,https://sun9-15.userapi.com/s/v1/if2/u4_oykmECWakO41Jt5vgopaAwwR06NiuPKIIbzgI7W97mZTrtVvmskbqlkdacdWifXLbCZtDdAicc5MEoNCrsLB7.jpg?size=510x680&quality=95&type=album
6,0,,https://sun9-85.userapi.com/s/v1/if2/FbdHd5hFgqEaDQGX5UF0sMOXRfK9vUa6mM4bAohcfaYK4aG1CGDFYvqnC20F-smM6uNbsdnqybmmWsUxnaOfcR3n.jpg?size=510x680&quality=95&type=album
8,0,,https://sun9-41.userapi.com/s/v1/if2/UXKxf0vNAuYNSZsB93uPOscfP3KjBW0bFeUG3p6Q6x7BvacfN3B-VKu3MdmcNL3j96DSzoTEDY7LRLC35g0JOXOe.jpg?size=510x680&quality=95&type=album
20,0,,https://sun9-83.userapi.com/s/v1/if2/qrkFKW29vtbBZdl6WZIjcM5-_gO-Spu7LuEnJaDpQIWCHs68-EaNP9DtPyj_EfpteXeb--gYdIM5AbXYjUoPkKBS.jpg?size=510x680&quality=95&type=album
14,0,,https://sun9-72.userapi.com/s/v1/if2/bGoUfd0OXKp8TQjzgstLTU8U3H2i_owy5kzGk3xTFpO6bwPIZtNgmVQaD4SUZTVlLc1IsSSiGW4OW0qveEFDjDVu.jpg?size=510x680&quality=95&type=album
